,zip,sector,fullTimeEmployees,longBusinessSummary,city,phone,country,companyOfficers,website,maxAge,address1,fax,industry,address2,previousClose,regularMarketOpen,twoHundredDayAverage,trailingAnnualDividendYield,payoutRatio,volume24Hr,regularMarketDayHigh,navPrice,averageDailyVolume10Day,totalAssets,regularMarketPreviousClose,fiftyDayAverage,trailingAnnualDividendRate,open,toCurrency,averageVolume10days,expireDate,yield,algorithm,dividendRate,exDividendDate,beta,circulatingSupply,startDate,regularMarketDayLow,priceHint,currency,trailingPE,regularMarketVolume,lastMarket,maxSupply,openInterest,marketCap,volumeAllCurrencies,strikePrice,averageVolume,priceToSalesTrailing12Months,dayLow,ask,ytdReturn,askSize,volume,fiftyTwoWeekHigh,forwardPE,fromCurrency,fiveYearAvgDividendYield,fiftyTwoWeekLow,bid,tradeable,dividendYield,bidSize,dayHigh,exchange,shortName,longName,exchangeTimezoneName,exchangeTimezoneShortName,isEsgPopulated,gmtOffSetMilliseconds,quoteType,symbol,messageBoardId,market,annualHoldingsTurnover,enterpriseToRevenue,beta3Year,profitMargins,enterpriseToEbitda,52WeekChange,morningStarRiskRating,forwardEps,revenueQuarterlyGrowth,sharesOutstanding,fundInceptionDate,annualReportExpenseRatio,bookValue,sharesShort,sharesPercentSharesOut,fundFamily,lastFiscalYearEnd,heldPercentInstitutions,netIncomeToCommon,trailingEps,lastDividendValue,SandP52WeekChange,priceToBook,heldPercentInsiders,nextFiscalYearEnd,mostRecentQuarter,shortRatio,sharesShortPreviousMonthDate,floatShares,enterpriseValue,threeYearAverageReturn,lastSplitDate,lastSplitFactor,legalType,lastDividendDate,morningStarOverallRating,earningsQuarterlyGrowth,dateShortInterest,pegRatio,lastCapGain,shortPercentOfFloat,sharesShortPriorMonth,impliedSharesOutstanding,category,fiveYearAverageReturn,regularMarketPrice,logo_url
AIA.NZ,2022,Industrials,527,"Auckland International Airport Limited provides airport facilities, supporting infrastructure, and aeronautical services in Auckland, New Zealand. The company operates through three segments: Aeronautical, Retail, and Property. The Aeronautical segment offers services that facilitate the movement of aircraft, passengers, and cargo, as well as utility services, which support the airport; and leases space for facilities, such as terminals. The Retail segment provides services to the retailers within the terminals; and car parking facilities for passengers, visitors, and airport staff. The Property segment leases cargo buildings, hangars, and stand-alone investment properties. The company was founded in 1988 and is based in Manukau, New Zealand.",Manukau,64 9 275 0789,New Zealand,[],http://www.aucklandairport.co.nz,1,4 Leonard Isitt Drive,64 9 275 4927,Airports & Air Services,Auckland Airport Business District,7.5,7.5,7.1282144,0.029733334,0.7421,,7.53,,1130374,,7.5,7.7574244,0.223,7.5,,1130374,,,,,1584576000,0.935137,,,7.22,2,NZD,48.421055,1180033,,,,10837967872,,,1739272,19.436815,7.22,6.765,,1401400,1180033,8.97,32,,,4.26,7.855,FALSE,,125400,7.53,NZE,Auckland International Airport ,Auckland International Airport Limited,Pacific/Auckland,NZDT,FALSE,46800000,EQUITY,AIA.NZ,finmb_883101,nz_market,,22.131,,0.34774,32.295,-0.15588075,,0.23,,1472550016,,,4.507,,,,1593475200,0.18499,193900000,0.152,0.11,0.16920197,1.6330154,0.18110001,1656547200,1593475200,,,1205724871,12340076544,,1396483200,9:10,,1584489600,,-0.876,,,,,,,,,7.5,https://logo.clearbit.com/aucklandairport.co.nz
AIR.NZ,1010,Industrials,9988,"Air New Zealand Limited provides passenger and cargo transportation services on scheduled airlines primarily in New Zealand, Australia, the Pacific Islands, the United Kingdom, Europe, Asia, and the United States. The company also offers ground handling services; engineering and maintenance services, including aircraft and component maintenance, repair, and overhaul services; and aircraft leasing and financing services. It operates a fleet of 114 aircraft. The company was formerly known as Tasman Empire Airways Limited and changed its name to Air New Zealand Limited in April 1965. Air New Zealand Limited was founded in 1940 and is based in Auckland, New Zealand.",Auckland,64 9 336 2400,New Zealand,[],http://www.airnewzealand.co.nz,1,Air New Zealand House,64 9 336 2401,Airlines,185 Fanshawe Street,1.675,1.695,1.5258929,0.065671645,,,1.72,,1591966,,1.675,1.7972727,0.11,1.695,,1591966,,,,,1583971200,1.617977,,,1.68,4,NZD,,771658,,,,3840010240,,,1570891,0.7940468,1.68,1.625,,508200,771658,3.01,5.181818,,7.91,0.8,1.795,FALSE,,588400,1.72,NZE,Air New Zealand Limited (NS) Or,Air New Zealand Limited,Pacific/Auckland,NZDT,FALSE,46800000,EQUITY,AIR.NZ,finmb_874051,nz_market,,1.072,,-0.09388,15.565,-0.4379195,,0.33,,1122809984,,,1.174,,,,1593475200,0.07237,-454000000,-0.404,0.11,0.16920197,1.4565588,0.52798,1656547200,1593475200,,,521466669,5183005184,,1093305600,1:05,,1583884800,,,,,,,,,,,1.695,https://logo.clearbit.com/airnewzealand.co.nz
ANZ.NZ,3008,Financial Services,37506,"Australia and New Zealand Banking Group Limited provides various banking and financial products and services in Australia, New Zealand, the Asia Pacific, Europe, and the United States. Its Australia Retail and Commercial division offers various products and services to consumer customers through the branch network, mortgage specialists, contact centers, self-service channels, and third-party brokers, as well as financial planning services. It also provides asset financing for medium to large commercial customers, agribusiness customers, small business owners, high net worth individuals, and family groups. The company's Institutional division offers documentary trade, supply chain and commodity financing, cash management solutions, deposits, payments, and clearing services; loan syndication, loan structuring and execution, project and export finance, debt structuring and acquisition finance, and corporate advisory services, as well as loan products; and risk management services on foreign exchange, interest rates, credit, commodities, and debt capital markets. It serves governments, and global institutional and corporate customers. The company's New Zealand division provides banking and wealth management services to consumer, and private banking and small business banking customers through its Internet and app-based digital solutions, network of branches, mortgage specialists, relationship managers, and contact centers; and traditional relationship banking and financial solutions for medium to large enterprises, agricultural business segments, and government and government-related entities. Its Pacific division offers various products and services that include retail products, and traditional relationship banking and financial solutions. This division serves retail customers, small to medium-sized enterprises, institutional customers, and governments. Australia and New Zealand Banking Group Limited was founded in 1835 and is headquartered in Melbourne, Australia.",Melbourne,61 3 9683 9999,Australia,[],http://www.anz.com.au,1,ANZ Centre Melbourne,,Banks—Diversified,Level 9 833 Collins Street Docklands,26.72,26.74,21.473429,0.064633235,0.8661,,26.8,,33186,,26.72,25.13606,1.727,26.74,,33186,,,,0.64,1604880000,0.966802,,,26.39,2,NZD,11.56837,17811,,,,75408416768,,,38517,,26.39,26.47,,7500,17811,28.45,9.992453,,5.95,14.5,27.22,FALSE,0.024300002,15000,26.8,NZE,Australia and New Zealand Banki,Australia and New Zealand Banking Group Limited,Pacific/Auckland,NZDT,FALSE,46800000,EQUITY,ANZ.NZ,finmb_384998,nz_market,,,,0.24008,,-0.00298506,,2.65,,2840369920,,,22.299,,,,1601424000,0.21525998,,2.289,0.35,0.16920197,1.1874971,0.00337,1664496000,1601424000,,,2796993749,75082514432,,,,,1604793600,,-0.269,,,,,,2845540096,,,26.74,https://logo.clearbit.com/anz.com.au
ARG.NZ,1010,Real Estate,,"Argosy Property Limited in properties in New Zealand. Its investment portfolio consists of approximately 100 properties comprising retail, industrial, and commercial properties. The company's properties are primarily located in Auckland, Hamilton, and Wellington in New Zealand. The firm was formerly known as Argosy Property Trust. Argosy Property Limited is based in Auckland, New Zealand.",Auckland,64 9 304 3400,New Zealand,[],http://www.argosy.co.nz,1,39 Market Place,64 9 302 0996,REIT—Diversified,Level 1 Viaduct Harbour,1.53,1.54,1.4019285,0.041830067,0.3366,,1.555,,355890,,1.53,1.5531818,0.064,1.54,,355890,,,,0.07,1607385600,0.760469,,,1.53,4,NZD,10.625,408215,,,,1275669632,,,543434,10.549873,1.53,1.495,,1932400,408215,1.6,21.857141,,5.39,0.74,1.615,FALSE,0.0428,29604600,1.555,NZE,Argosy Property Limited Ordinar,Argosy Property Limited,Pacific/Auckland,NZDT,FALSE,46800000,EQUITY,ARG.NZ,finmb_13454323,nz_market,,17.24,,0.98513,,0.06249988,,0.07,,833771008,,,1.301,,,,1585612800,0.20084,119120000,0.144,0.016375,0.16920197,1.1760185,0.021170001,1648684800,1585612800,,,816185382,2084581120,,,,,1607299200,,-0.369,,,,,,,,,1.54,https://logo.clearbit.com/argosy.co.nz
ARV.NZ,1010,Healthcare,2600,"Arvida Group Limited, together with its subsidiaries, owns, develops, and operates retirement villages and care facilities for the elderly in New Zealand. As of March 31, 2020, it operated approximately 32 retirement villages with 1,688 aged care beds and 2,475 retirement units. The company was formerly known as Hercules Limited. Arvida Group Limited was founded in 2014 and is based in Auckland, New Zealand.",Auckland,64 9 972 1180,New Zealand,[],http://www.arvida.co.nz,1,39 Market Place,,Medical Care Facilities,Level 1 Viaduct Basin,1.74,1.74,1.6794286,0.03045977,0.8538,,1.74,,312114,,1.74,1.7109091,0.053,1.74,,312114,,,,0.05,1606780800,0.691011,,,1.71,4,NZD,24.027779,202957,,,,938504256,,,490056,5.51092,1.71,1.73,,20386000,202957,1.89,17.3,,3.66,0.88,1.78,FALSE,0.0277,19746500,1.74,NZE,Arvida Group Limited Ordinary S,Arvida Group Limited,Pacific/Auckland,NZDT,FALSE,46800000,EQUITY,ARV.NZ,finmb_276274842,nz_market,,7.636,,0.23176001,56.426,-0.069518685,,0.1,,542488000,,,1.383,,,,1585612800,0.20327,39468000,0.072,0.012,0.16920197,1.2509038,0.14659001,1648684800,1601424000,,,468541461,1300454272,,,,,1606694400,,-0.07,,,,,,,,,1.74,https://logo.clearbit.com/arvida.co.nz
ATM.NZ,1010,Consumer Defensive,319,"The a2 Milk Company Limited, together with its subsidiaries, sells A2 protein type branded milk and related products in Australia, New Zealand, China, other Asian countries, and the United States. The company offers fresh milk under the a2 Milk brand; and infant formula under the a2 Platinum brand. The company was formerly known as A2 Corporation Limited and changed its name to The a2 Milk Company Limited in April 2014. The a2 Milk Company Limited was founded in 2000 and is based in Auckland, New Zealand.",Auckland,64 9 972 9802,New Zealand,[],http://www.thea2milkcompany.com,1,51 Shortland Street,,Farm Products,Level 10,10.91,10.91,16.506857,,0,,11.05,,660633,,10.91,12.339394,,10.91,,660633,,,,,,-0.086823,,,10.82,2,NZD,20.921303,771510,,,,8108367872,,,1002667,4.6838555,10.82,10,,,771510,21.74,,,,10.46,11.48,FALSE,,,11.05,NZE,The a2 Milk Company Limited Ord,The a2 Milk Company Limited,Pacific/Auckland,NZDT,FALSE,46800000,EQUITY,ATM.NZ,finmb_8081770,nz_market,,4.158,,0.22288,13.092,-0.31855094,,,,740860992,,,1.533,,,,1593475200,0.38457,388167008,0.521,,0.16920197,7.110241,0.10455,1656547200,1593475200,,,736835388,7197559808,,1109808000,1:05,,,,0.488,,,,,,,,,10.91,https://logo.clearbit.com/thea2milkcompany.com
CEN.NZ,6011,Utilities,821,"Contact Energy Limited generates, trades in, and retails electricity, natural gas, broadband, and other products and services in New Zealand. It operates in, Wholesale and Customer segments. The company generates electricity through hydro, geothermal, and thermal sources, as well as geothermal wells and pipelines. It owns and operates 11 power stations; and supplies piped gas. The company serves approximately 500,000 electricity, gas, and broadband connections. Contact Energy Limited was founded in 1995 and is headquartered in Wellington, New Zealand.",Wellington,64 4 499 4001,New Zealand,[],http://contact.co.nz,1,Harbour City Tower,64 4 499 4003,Utilities—Independent Power Producers,Level 2 29 Brandon Street,8.83,8.85,7.276643,0.044167608,2.2414,,9.27,,1632326,,8.83,8.849091,0.39,8.85,,1632326,,,,0.39,1598400000,0.487742,,,8.85,2,NZD,52.81609,2105101,,,,6599632384,,,1611609,3.1836143,8.85,8.65,,,2105101,11.16,,,5.24,4.54,9,FALSE,0.0424,,9.27,NZE,Contact Energy Limited Ordinary,Contact Energy Limited,Pacific/Auckland,NZDT,FALSE,46800000,EQUITY,CEN.NZ,finmb_883677,nz_market,,3.74,,0.060300004,18.33,0.18048131,,,,718131968,,,3.65,,,,1593475200,0.28784,125000000,0.174,0.23,0.16920197,2.517808,0.01321,1656547200,1593475200,,,707927230,7753632256,,,,,1598313600,,-0.043,,,,,,,,,8.85,https://logo.clearbit.com/contact.co.nz
CNU.NZ,,Communication Services,870,"Chorus Limited provides fixed line communications infrastructure services in New Zealand. It offers phone and broadband services over copper and fiber networks for residential and business customers; and very high-speed digital subscriber line broadband services. The company also provides colocation services. Chorus Limited was founded in 2008 and is based in Wellington, New Zealand.",Wellington,64 8 006 0100,New Zealand,[],http://www.chorus.co.nz,1,1 Willis Street,,Telecom Services,Level 10,8.1,8.05,8.190036,0.029629627,2.35,,8.32,,309821,,8.1,7.9489393,0.24,8.05,,309821,,,,0.24,1600041600,0.119509,,,8.05,2,NZD,83.100006,170375,,,,3693728768,,,365816,3.8516462,8.05,7.87,,13300,170375,9.39,28.655174,,,5.54,8.69,FALSE,0.028900001,452800,8.32,NZE,Chorus Limited (NS) Ordinary Sh,Chorus Limited,Pacific/Auckland,NZDT,FALSE,46800000,EQUITY,CNU.NZ,finmb_139908814,nz_market,,7.191,,0.05422,11.747,0.23193932,,0.29,,444492000,,,2.086,,,,1593475200,0.38455,52000000,0.1,0.14,0.16920197,3.9837012,0.07565,1656547200,1593475200,,,443807043,6895725056,,,,,1599955200,,-0.087,,,,,,,,,8.05,https://logo.clearbit.com/chorus.co.nz
EBO.NZ,3008,Healthcare,3700,"EBOS Group Limited engages in the marketing, wholesale, and distribution of healthcare, medical, pharmaceutical, consumer, and animal care products in Australia and New Zealand. It operates in two segments, Healthcare and Animal Care. The company provides healthcare logistics; medication management solutions; pharmacy management software; loyalty, generics, compliance, business intelligence, and store software services; and multi-brand retail pharmacy services. It also offers vitamins, minerals and supplements, herbal and fruit teas, and natural toothpastes, as well as functional foods, including molasses and manuka honey; community based health care services and programs; Pharmacy Choice, a five step integrated retail program for independent pharmacies; and healthSAVE, a community pharmacy banner that allows members drive their retail businesses. In addition, the company supplies health and wellness products public and private hospitals, day surgeries, general practice, aged care facilities, specialist clinics, government, and non-profit health agencies, as well as clinically essential products; and pharmacy services to private and public hospitals, cancer centers, correctional facilities, and veterinary clinics. Further, it offers contract logistics services, such as healthcare distribution, warehousing, clinical trial management, and product registration services; and clinical trial logistics. Additionally, the company provides pet nutrition products, treats, clean-up products, grooming, and accessories; and wholesales veterinary products for companion animals, production animals, and equine athletes. The company was formerly known as Early Bros Dental & Surgical Supplies Ltd. and changed its name to EBOS Group Limited in 1986. EBOS Group Limited was founded in 1922 and is headquartered in Docklands, Australia.",Docklands,61 3 9918 5555,Australia,[],http://www.ebosgroup.com,1,737 Bourke Street,61 3 9918 5599,Medical Distribution,Level 7,28.8,29.02,24.747643,0.023784723,0.6919,,29.45,,112870,,28.8,27.686666,0.685,29.02,,112870,,,,0.8,1600905600,0.277323,,,28.8,2,NZD,29.238577,100063,,,,4690857472,,,161169,,28.8,27.5,,28900,100063,29.62,28.8,,3.49,18.42,30.76,FALSE,0.0278,51000,29.45,NZE,Ebos Group Limited Ordinary Sha,EBOS Group Limited,Pacific/Auckland,NZDT,FALSE,46800000,EQUITY,EBO.NZ,finmb_884397,nz_market,,,,0.01854,,0.18178082,,1,,162876992,,,7.884,,,,1593475200,0.16806,,0.985,0.4,0.16920197,3.652968,0.20075001,1656547200,1593475200,,,129540533,4673800192,,1370304000,55:53:00,,1600819200,,0.144,,,,,,,,,29.02,https://logo.clearbit.com/ebosgroup.com
FBU.NZ,1061,Basic Materials,15000,"Fletcher Building Limited, together with its subsidiaries, manufactures and distributes building products in New Zealand, Australia, North America, Asia, Europe, and internationally. It operates through Building Products, Distribution, Steel, Concrete, Residential and Development, Construction, and Australia segments. The Building Products segment manufactures, markets, distributes, and sells building products used to build homes, buildings, and infrastructure, including insulations, plasterboards, laminate surfaces, and plastic and concrete piping for the commercial and residential markets. The Distribution segment distributes building, plumbing, and pipeline products under the PlaceMakers, Mico, Forman Building Systems, and Snappy brands. The Steel segment manufactures and distributes steel products. The Concrete segment engages in the extraction of aggregates, and production of cement and concrete. The Residential and Development segment builds residential homes; and develops and sells primarily commercial sites. The Construction segment builds and maintains public and commercial buildings, transport and utilities infrastructure, and buildings and infrastructure, as well as designs, constructs, and maintains roads and civil infrastructure. The Australia segment manufactures and distributes building materials, such as insulation, plasterboard, laminate surfaces, steel roofing, and plastic and concrete piping for a range of industries across Australia. It also operates approximately 225 retail sites. The company was founded in 1909 and is headquartered in Auckland, New Zealand.",Auckland,64 9 525 9000,New Zealand,[],http://fletcherbuilding.com,1,810 Great South Road,,Building Materials,Penrose,6.29,6.27,4.4695716,0.023847379,1.2088,,6.34,,747362,,6.29,5.8760605,0.15,6.27,,747362,,,,,1584576000,1.165985,,,6.25,2,NZD,,1615150,,,,5176327680,,,1333539,0.70821285,6.25,5.97,,350500,1615150,6.4,13.955556,,,3.05,6.59,FALSE,,698300,6.34,NZE,Fletcher Building Limited Ordin,Fletcher Building Limited,Pacific/Auckland,NZDT,FALSE,46800000,EQUITY,FBU.NZ,finmb_386287,nz_market,,1.04,,-0.026819998,22.486,0.1152482,,0.45,,824256000,,,4.262,,,,1593475200,0.4383,-196000000,-0.235,0.11,0.16920197,1.4734867,0.00777,1656547200,1593475200,,,817168529,7600295424,,,,,1584489600,,,,,,,,,,,6.27,https://logo.clearbit.com/fletcherbuilding.com
FPH.NZ,2013,Healthcare,4710,"Fisher & Paykel Healthcare Corporation Limited, together with its subsidiaries, designs, manufactures, markets, and sells medical device products and systems worldwide. It provides its products for use in respiratory care, acute care, and surgery, as well as the treatment of obstructive sleep apnea (OSA) in the home and hospital. The company offers myAIRVO 2, a humidifier with integrated flow source; Optiflow, a nasal high flow therapy; and noninvasive and invasive ventilation systems. It also provides infant respiratory products, such as resuscitation, continuous positive airway pressure (CPAP) therapy, and nasal high flow therapy products. In addition, the company offers hospital products, including humidification products, breathing circuits, chambers, masks, nasal cannulas, surgical, accessories, and interfaces; and homecare products that include masks, CPAP devices, data management products, humidifiers, and accessories. Fisher & Paykel Healthcare Corporation Limited was founded in 1934 and is headquartered in Auckland, New Zealand.",Auckland,64 9 574 0100,New Zealand,[],http://www.fphcare.com,1,15 Maurice Paykel Place,64 9 574 0158,Medical Instruments & Supplies,East Tamaki,33.26,35.05,34.357143,0.009470836,0.4068,,36.21,,629397,,33.26,32.701817,0.315,35.05,,629397,,,,0.32,1606953600,-0.063329,,,34.94,2,NZD,51.923077,1298104,,,,20227145728,,,879564,12.618306,34.94,33.28,,241000,1298104,37.89,83.57143,,1.43,21.1,35,FALSE,0.009,485800,36.21,NZE,Fisher & Paykel Healthcare Corp,Fisher & Paykel Healthcare Corporation Limited,Pacific/Auckland,NZDT,FALSE,46800000,EQUITY,FPH.NZ,finmb_875015,nz_market,,12.56,,0.24429001,34.893,0.46069384,,0.42,,576272000,,,2.127,,,,1585612800,0.33569,391600000,0.676,0.16,0.16920197,16.502113,0.0036,1648684800,1601424000,,,572911107,20133335040,,1096848000,5:01,,1606867200,,0.861,,,,,,,,,35.05,https://logo.clearbit.com/fphcare.com
FRE.NZ,DX CX10120,Industrials,,"Freightways Limited, together with its subsidiaries, provides express package and business mail services in New Zealand, Australia, and internationally. It operates through Express Package & Business Mail, Information Management, and Corporate and Other segments. The company provides network courier services under the New Zealand Couriers, Post Haste Couriers, Castle Parcels, and NOW Couriers brands; and point-to-point courier services under the SUB60, Kiwi Express, Stuck, Pass The Parcel, and Security Express brands. It also provides mail delivery services under the DX Mail brand; and mailhouse-print services and digital mail presentation platforms under the Dataprint brand. In addition, it provides a range of physical storage and information management, as well as digital information processing services, such as digitization, business process outsourcing, online back-up, and eDiscovery services, as well as document destruction and medical waste services primarily under the Archive Security, FileSaver, DataBank, Shred-X, and Med-X brands, as well as operates line-haul on the arterial roads under the Parceline Express name. Further, the company offers general and aviation engineering services; and aviation-related, IT infrastructure support, treasury management, and financing and property management services. The company offers its services through its network, as well as through international alliances. Freightways Limited was founded in 1964 and is based in Penrose, New Zealand.",Penrose,64 9 571 9670,New Zealand,[],http://www.freightways.co.nz,1,32 Botha Road,64 9 571 9671,Integrated Freight & Logistics,,10.55,10.56,8.372071,0.01421801,1.0201,,10.7,,93451,,10.55,10.0957575,0.15,10.56,,93451,,,,0.3,1583971200,0.924923,,,10.5,2,NZD,35.284283,105758,,,,1745107072,,,182259,2.7658842,10.5,10.26,,65300,105758,11.14,23.977274,,3.76,4.5,10.83,FALSE,0.028399998,51500,10.7,NZE,Freightways Limited Ordinary Sh,Freightways Limited,Pacific/Auckland,NZDT,FALSE,46800000,EQUITY,FRE.NZ,finmb_11312272,nz_market,,3.591,,0.07502,20.13,0.2140392,,0.44,,165412992,,,1.914,,,,1593475200,0.22931999,47332000,0.299,0.15,0.16920197,5.512017,0.027609998,1656547200,1593475200,,,162243789,2265827328,,,,,1583884800,,-0.394,,,,,,,,,10.56,https://logo.clearbit.com/freightways.co.nz
GMT.NZ,1010,Real Estate,,"Goodman Property Trust own, develop and manage industrial real estate in 17 countries including logistics facilities, warehouses and business parks. Our investment Partnerships give institutional investors access to our specialist investment management services and commercial and industrial property assets. In New Zealand, Goodman owns, develops and manages modern, high quality industrial and business space. The portfolio is exclusively invested in the Auckland industrial sector with estates located in the key suburbs of East Tamaki, Mangere, Mt Roskill, Mt Wellington, Otahuhu, Panmure, Penrose and Wiri. With over one million sqm of floorspace there is a scale to the portfolio that helps attract and retain customers. The top 10 customers provide approximately 32% of portfolio income. They include Coda, DHL, Fletcher Building, Fliway Transport, Foodstuffs, Freightways, NZ Post Group, OfficeMax, T&G Global, and Toll.",Auckland,64 9 375 6060,New Zealand,[],http://nz.goodman.com,1,KPMG Centre,,REIT—Industrial,Level 2 18 Viaduct Harbour Avenue,2.25,2.27,2.3253572,0.026666665,0.42200002,,2.28,,1129404,,2.25,2.3127272,0.06,2.27,,1129404,,,,0.05,1607040000,0.110827,,,2.25,4,NZD,14.675324,633888,,,,3144179712,,,960629,17.966742,2.25,2.155,,,633888,2.52,,,4.26,1.84,2.375,FALSE,0.0235,,2.28,NZE,Goodman Property Trust (NS) Ord,Goodman Property Trust,Pacific/Auckland,NZDT,FALSE,46800000,EQUITY,GMT.NZ,finmb_20356535,nz_market,,22.567,,1.22228,,-0.030172408,,,,1391229952,,,1.823,,,,1585612800,0.15122,213900000,0.154,0.01325,0.16920197,1.2397147,0.2157,1648684800,1601424000,,,1052032698,3949175296,,,,,1606953600,,-0.214,,,,,,,,,2.27,https://logo.clearbit.com/nz.goodman.com
GNE.NZ,1051,Utilities,,"Genesis Energy Limited generates, trades in, and sells electricity to residential and business customers in New Zealand. The company generates electricity from thermal, hydro, and wind sources. Its Retail segment supplies energy, including electricity, gas, and LPG to end-users, as well as provides related services. The company's Wholesale segment engages in the supply of electricity to the wholesale electricity market; supply of gas and LPG to wholesale customers and retail segment; and purchase and sale of derivatives to fix the price of electricity. Its Kupe segment is involved in the exploration, development, and production of gas and petroleum products; and supply of gas and LPG to the wholesale segment, and light oil. The company's generation asset portfolio includes the Huntly power station with a generation capacity of 953 MW; Tongariro Power Scheme that comprises three power stations with a generation capacity of 361.8MW; Waikaremoana Power Scheme, which include three power stations with a generation capacity of 138 MW; and Tekapo Power Scheme with a generation capacity of 179 MW; and Hau Nui wind farm with 15 wind turbines. It sells electricity, natural gas, and LPG to approximately 500,000 customers under the Genesis Energy and Energy Online brands. Genesis Energy Limited also offers solar power products and bottled LPG; and property rental services. The company was formerly known as Genesis Power Limited and changed its name to Genesis Energy Limited in September 2013. Genesis Energy Limited was incorporated in 1998 and is based in Auckland, New Zealand.",Auckland,64 9 580 2094,New Zealand,[],http://www.genesisenergy.co.nz,1,Genesis Energy Building,,Utilities—Independent Power Producers,660 Great South Road Greenlane,3.8,3.83,3.162643,0.04526316,3.8310997,,3.86,,360909,,3.8,3.6033332,0.172,3.83,,360909,,,,0.17,1599696000,0.550051,,,3.805,4,NZD,85.55555,330845,,,,3993951488,,,505988,1.5411736,3.805,3.66,,1472100,330845,4,42.777775,,6.57,1.99,4.08,FALSE,0.045100003,1007500,3.86,NZE,Genesis Energy Limited Ordinary,Genesis Energy Limited,Pacific/Auckland,NZDT,FALSE,46800000,EQUITY,GNE.NZ,finmb_8122899,nz_market,,2.055,,0.01775,16.063,0.17465222,,0.09,,1037390016,,,1.997,,,,1593475200,0.08113,46000000,0.045,0.08675,0.16920197,1.9278919,0.51497,1656547200,1593475200,,,501731604,5325040128,,1428969600,16:15,,1599609600,,2.794,,,,,,,,,3.83,https://logo.clearbit.com/genesisenergy.co.nz
GTK.NZ,1011,Technology,,"Gentrack Group Limited engages in the development, integration, and support of enterprise billing and customer management software solutions for the energy and water utility, and airport industries in Australia, New Zealand, the United Kingdom, and internationally. It operates in two segments, Utility Billing Software and Airport Management Software. The company offers Velocity, a billing and customer management platform for energy utilities, distributors, and water companies; and Junifer, a billing and customer information system for utility providers. It also provides Evolve Analytics, a solution for data accuracy and portfolio management; and Airport 20/20, BlipTrack, and Concessionaire Analyzer+, which offer operation solutions. The company was founded in 1989 and is headquartered in Auckland, New Zealand.",Auckland,64 9 966 6090,New Zealand,[],http://www.gentrack.com,1,17 Hargreaves Street,64 9 376 7223,Software—Infrastructure,St Marys Bay,1.36,1.36,1.4041429,0.022058822,,,1.36,,35770,,1.36,1.4812121,0.03,1.36,,35770,,,,,1575590400,1.311542,,,1.29,4,NZD,,79818,,,,127251792,,,82626,1.2657714,1.29,1.29,,1065300,79818,2.4,4.9615383,,2.95,0.76,1.33,FALSE,,343600,1.36,NZE,Gentrack Group Limited Ordinary,Gentrack Group Limited,Pacific/Auckland,NZDT,FALSE,46800000,EQUITY,GTK.NZ,finmb_327993387,nz_market,,1.249,,-0.31538,37.841,-0.39285713,,0.26,,98644800,,,1.627,,,,1601424000,0.13302,-31706000,-0.321,0.03,0.16920197,0.7928703,0.4355,1664496000,1601424000,,,55392033,125593832,,,,,1575504000,,,,,,,,,,,1.36,https://logo.clearbit.com/gentrack.com
HGH.NZ,1023,Financial Services,,"Heartland Group Holdings Limited operates as the bank holding company for Heartland Bank Limited that provides various financial services in New Zealand and Australia. The company offers savings accounts, term deposits, and direct and business call accounts. It also provides home loans, business loans, term loans, revolving credit, business finance guarantee scheme, reverse mortgages, car loans, rural loans, livestock finance, seasonal finance, capital livestock finance, and farm transition loans. In addition, it offers internet and mobile banking services; and management and insurance services. Further, the company engages in investment property holding business. The company was founded in 1875 and is based in Auckland, New Zealand.",Auckland,64 9 927 9641,New Zealand,[],http://www.heartland.co.nz,1,Heartland House,,Mortgage Finance,Level 3 35 Teed Street Newmarket,1.85,1.85,1.3803571,0.037837837,0.9167,,1.88,,718920,,1.85,1.6642424,0.07,1.85,,718920,,,,0.05,1600905600,1.145045,,,1.85,4,NZD,15.583334,317537,,,,1086430720,,,560302,5.275805,1.85,1.87,,0,317537,1.93,,,,0.89,1.92,FALSE,0.027,0,1.88,NZE,Heartland Group Holdings Limite,Heartland Group Holdings Limited,Pacific/Auckland,NZDT,FALSE,46800000,EQUITY,HGH.NZ,finmb_118354566,nz_market,,8.985,,0.3495,,-0.010695159,,,,580979008,,,1.205,,,,1593475200,0.08793,71972000,0.12,0.025,0.16920197,1.5518671,0.17135,1656547200,1593475200,,,496818473,1850273920,,,,,1600819200,,-0.207,,,,,,,,,1.85,https://logo.clearbit.com/heartland.co.nz
IFT.NZ,6140,Utilities,3760,"Infratil Limited owns and operates infrastructure businesses and investments primarily in New Zealand, Australia, the United States, and Europe. It operates through Trustpower, Tilt Renewables, Wellington International Airport, NZ Bus, Perth Energy, Associate, and All Other Segments and Corporate segments. The company retails electricity, natural gas, bottled LNG, and telecommunication services; develops, owns, and generates renewable energy; develops utility-scale wind and solar generation throughout North America; develops wind, solar PV energy projects, and storage solutions; and provides outsourced data center services to government and commercial entities. In addition, the company owns and manages a portfolio of commercial real estate properties; operates retirement living units and apartments; operates airport; and provides finance services. It owns and operates 22 hydro power stations with a total installed capacity of 516MW; has 280,000 electricity customer connections, 31,500 gas customer connections, and 65,000 telecommunications customer connections; and has 322 operating turbines in 8 wind farms with a total installed capacity of 636MW. The company was founded in 1994 and is based in Wellington, New Zealand.",Wellington,64 4 473 3663,New Zealand,[],http://infratil.com,1,5 Market Lane,,Utilities—Renewable,PO Box 320,7.3,7.305,5.5760713,0.023561643,0.4619,,7.4,,473755,,7.3,7.129091,0.172,7.305,,473755,,,,0.17,1606694400,0.877425,,,7.3,2,NZD,24.039087,231948,,,,5335393280,,,707709,4.6740193,7.3,6.965,,752800,231948,7.675,67.09091,,4.31,3,7.695,FALSE,0.0234,52000,7.4,NZE,Infratil Limited Ordinary Share,Infratil Limited,Pacific/Auckland,NZDT,FALSE,46800000,EQUITY,IFT.NZ,finmb_883032,nz_market,,8.332,,0.18625,85.759,0.32969046,,0.11,,722953024,,,3.476,,,,1585612800,0.21163,245500000,0.307,0.0625,0.16920197,2.12313,0.04572,1648684800,1601424000,,,707907891,9510689792,,1181260800,2:01,,1606608000,,-0.507,,,,,,,,,7.305,https://logo.clearbit.com/infratil.com
IPL.NZ,1010,Real Estate,,"Investore Property Limited (Investore) is a commercial property ownership business that has been established to invest in quality Large Format Retail property assets. Investore was established in October 2015 in connection with the acquisition of 19 Countdown supermarkets from Antipodean Supermarkets Limited and Antipodean Properties Limited. The transfer of six properties from Stride Property Limited (Stride) and Stride Holdings Limited to Investore took place between 29 April and 9 June 2016 by way of sale and purchase agreements for cash consideration equal to the most recently obtained independent valuation of the properties transferred (in each case, 31 March 2016). In June 2016, Investore entered into a sale and purchase agreement to acquire 14 Countdown supermarkets from Shopping Centres Australasia Property Group Trustee NZ Limited (the SCA Acquisition). Settlement of six properties occurred on 12 July 2016, with the other eight properties expected to settle in September 2016. Investore's investment strategy is focused on Large Format Retail property assets. Large Format Retail means a single-storey or low level property comprising retail shops and outlets and car parking areas with more than 50% of the property generally occupied by, and more than 50% of the rental generally provided by, a single major tenant or a limited number of major tenants under net leases. Investore believes that Large Format Retail assets have a specific, differentiating set of attributes that can provide a reliable income return to shareholders.",Auckland,64 9 912 2690,New Zealand,[],http://www.investoreproperty.co.nz,1,34 Shortland Street,64 9 912 2693,Real Estate Services,Level 12,2.23,2.23,2.1467857,0.034080718,0.23879999,,2.24,,245543,,2.23,2.2018182,0.076,2.23,,245543,,,,0.08,1606176000,0.207905,,,2.21,4,NZD,6.6172104,82449,,,,820941056,,,286409,13.901061,2.21,2.22,,15265200,82449,2.29,27.875,,,1.35,2.28,FALSE,0.0341,3721700,2.24,NZE,Investore Property Limited (NS),Investore Property Limited,Pacific/Auckland,NZDT,FALSE,46800000,EQUITY,IPL.NZ,finmb_347494126,nz_market,,18.838,,1.84032,,0.23888898,,0.08,,368135008,,,1.927,,,,1585612800,0.47877,108682000,0.337,0.019,0.16920197,1.1572392,0.00075,1648684800,1601424000,,,298528061,1112476160,,,,,1606089600,,7.298,,,,,,,,,2.23,https://logo.clearbit.com/investoreproperty.co.nz
KMD.NZ,,Consumer Cyclical,,"Kathmandu Holdings Limited, together with its subsidiaries, designs, markets, wholesales, and retails apparel, footwear, and equipment for surfing and the outdoors under the Kathmandu, Rip Curl, and Oboz brands in New Zealand, Australia, North America, Europe, South East Asia, and Brazil. The company operates in Outdoor and Surf segments. It markets products through 328 stores, as well as online. The company was founded in 1987 and is based in Christchurch, New Zealand.",Christchurch,,New Zealand,[],http://www.kathmanduholdings.com,1,223 Tuam Street,,Apparel Manufacturing,Central Christchurch,1.36,1.34,1.2379285,0.08823529,5.0638,,1.35,,1473694,,1.36,1.2933333,0.12,1.34,,1473694,,,,,1569542400,1.154239,,,1.32,4,NZD,83.75,188460,,,,950061376,,,1165859,1.1853187,1.32,1.29,,268100,188460,3.64,6.7000003,,,0.600324,1.38,FALSE,,1127600,1.35,NZE,Kathmandu Holdings Limited Ordi,Kathmandu Holdings Limited,Pacific/Auckland,NZDT,FALSE,46800000,EQUITY,KMD.NZ,finmb_26813745,nz_market,,1.574,,0.01016,23.371,-0.576324,,0.2,,709001024,,,1.093,,,,1596153600,0.31643,8145000,0.016,0.08102,0.16920197,1.2259835,0.09603,1659225600,1596153600,,,605295752,1261430912,,,,,1569456000,,-0.985,,,,,,,,,1.34,https://logo.clearbit.com/kathmanduholdings.com
KPG.NZ,,Real Estate,166,"Kiwi Property (NZX: KPG) is one of the largest listed property companies on the New Zealand Stock Exchange and is a member of the S&P/NZX 20 Index. We've been around for over 25 years and proudly own, and manage a significant real estate portfolio, comprising some of New Zealand's best mixed-use, retail and office buildings. Our objective is to provide investors with a reliable investment in New Zealand property through the ownership and active management of a diversified, high-quality portfolio. S&P Global Ratings has assigned Kiwi Property an issuer credit rating of BBB (stable) and an issue credit rating of BBB+ for each of its fixed rate senior secured bonds. Kiwi Property is the highest rated New Zealand company within CDP (Carbon Disclosure Project) and is a member of FTSE4 Good, a series of benchmark and tradable indices for ESG (Environmental, Social and Governance) investors. Kiwi Property is licensed under the Real Estate Agents Act 2008.",Auckland,,New Zealand,[],http://www.kp.co.nz,1,"Level 7, Vero Centre",,REIT—Diversified,48 Shortland Street,1.27,1.28,1.1383572,0.017322835,,,1.28,,2392226,,1.27,1.2145455,0.022,1.28,,2392226,,,,0.06,1606953600,0.512257,,,1.26,4,NZD,,1818156,,,,2008793472,,,1771642,8.452703,1.26,1.22,,25300,1818156,1.58,16,,4.86,0.74,1.265,FALSE,0.045100003,21783600,1.28,NZE,Kiwi Property Group Limited Ord,Kiwi Property Group Limited,Pacific/Auckland,NZDT,FALSE,46800000,EQUITY,KPG.NZ,finmb_881416,nz_market,,12.924,,-0.71212,,-0.19620258,,0.08,,1569369984,,,1.291,,,,1585612800,0.33088002,-169236992,-0.108,0.022,0.16920197,0.99147946,0.023540001,1648684800,1601424000,,,1567248351,3071351040,,,,,1606867200,,0.475,,,,,,,,,1.28,https://logo.clearbit.com/kp.co.nz
MCY.NZ,1023,Utilities,786,"Mercury NZ Limited, together with its subsidiaries, engages in the production, trading, and sale of electricity and related activities in New Zealand. The company operates through Generation/Wholesale, Retail, and Others segments. It operates nine hydro generation stations on the Waikato River; and five geothermal generation stations in the central North Island. The company sells electricity to residential, commercial, industrial, and spot market customers through the GLOBUG, Bosco, and Mercury brands. It also provides piped natural gas; and sells solar equipment. The company was formerly known as Mighty River Power Limited and changed its name to Mercury NZ Limited in July 2016. Mercury NZ Limited was founded in 1998 and is based in Auckland, New Zealand.",Auckland,64 9 308 8200,New Zealand,[],http://www.mercury.co.nz,1,The Mercury Building,64 9 308 8209,Utilities—Renewable,33 Broadway Newmarket,6.97,7.03,5.5245357,0.022668581,1.0322,,7.3,,671457,,6.97,6.6592426,0.158,7.03,,671457,,,,0.19,1600041600,0.618488,,,7.03,2,NZD,48.026318,1232177,,,,9944790016,,,795254,5.6248813,7.03,6.86,,5738600,1232177,7.6,52.142857,,4.06,3.595,7.75,FALSE,0.025799999,86500,7.3,NZE,Mercury NZ Limited Ordinary Sha,Mercury NZ Limited,Pacific/Auckland,NZDT,FALSE,46800000,EQUITY,MCY.NZ,finmb_5542901,nz_market,,6.349,,0.11708,24.244,0.3403846,,0.14,,1362300032,,,2.745,,,,1593475200,0.08344,207000000,0.152,0.094,0.16920197,2.659381,0.52619,1656547200,1593475200,,,628919849,11224797184,,1431388800,26:25:00,,1599955200,,-0.51,,,,,,,,,7.03,https://logo.clearbit.com/mercury.co.nz
MEL.NZ,6011,Utilities,1017,"Meridian Energy Limited engages in the generation, trading, and retail of electricity and gas. The company generates electricity through hydro power stations and wind farms located in New Zealand and Australia; and a solar farm in Tongatapu, Tonga. It sells its electricity to residential, business, and industrial customers under the Meridian and Powershop brands. The company also provides management, insurance, financing, professional, trustee, and software development services, as well as licenses Flux developed electricity and gas retailing platform. In addition, it offers solar installation services. The company was formerly known as Hydro Energy Limited and changed its name to Meridian Energy Limited in March 1999. Meridian Energy Limited was incorporated in 1998 and is based in Wellington, New Zealand.",Wellington,64 4 381 1200,New Zealand,[],http://www.meridianenergy.co.nz,1,55 Lady Elizabeth Lane,64 4 381 1201,Utilities—Renewable,Level 2 Wellington Central,7.68,7.68,5.7203927,0.02200521,2.3797,,8.08,,2355012,,7.68,7.407879,0.169,7.68,,2355012,,,,0.17,1601337600,0.742594,,,7.65,2,NZD,117.10145,3212429,,,,20705726464,,,2504754,6.080977,7.65,7.55,,1199400,3212429,9.94,67.333336,,4.25,3.61,8.875,FALSE,0.0209,2896100,8.08,NZE,Meridian Energy Limited (NS) Or,Meridian Energy Limited,Pacific/Auckland,NZDT,FALSE,46800000,EQUITY,MEL.NZ,finmb_4890524,nz_market,,6.493,,0.05169,31.141,0.47126436,,0.12,,2562589952,,,1.984,,,,1593475200,0.13911,176000000,0.069,0.112,0.16920197,4.072581,0.51085997,1656547200,1593475200,,,1252124902,22110300160,,,,,1601251200,,,,,,,,,,,7.68,https://logo.clearbit.com/meridianenergy.co.nz
MFT.NZ,1062,Industrials,8631,"Mainfreight Limited provides supply chain logistics solutions in New Zealand, Australia, the Americas, Asia, and Europe. It provides warehousing, domestic freight forwarding, and international air and ocean freight forwarding services. The company was founded in 1978 and is based in Auckland, New Zealand.",Auckland,64 9 259 5500,New Zealand,[],http://www.mainfreight.com,1,2 Railway Lane,64 9 270 7400,Integrated Freight & Logistics,Otahuhu,67.3,67.3,52.83436,0.009509658,0.3434,,69.18,,57198,,67.3,65.085754,0.64,67.3,,57198,,,,0.6,1607558400,0.558733,,,67.29,2,NZD,39.93015,31226,,,,6907951104,,,47348,2.1566248,67.29,69,,141300,31226,70,47.638885,,1.63,24,72.56,FALSE,0.0087,25900,69.18,NZE,Mainfreight Limited Ordinary Sh,Mainfreight Limited,Pacific/Auckland,NZDT,FALSE,46800000,EQUITY,MFT.NZ,finmb_882260,nz_market,,2.378,,0.05401,26.062,0.5553502,,1.44,,100699000,,,9.886,,,,1585612800,0.23976,172988992,1.718,0.3,0.16920197,6.939106,0.19514999,1648684800,1601424000,,,79580049,7616474624,,,,,1607472000,,0.233,,,,,,,,,67.3,https://logo.clearbit.com/mainfreight.com
NZR.NZ,171,Energy,,"The New Zealand Refining Company Limited, together with its subsidiaries, engages in the refining of crude oil and supply of refined petroleum products in New Zealand. The company operates through Oil Refining, Distribution, and Other segments. It produces petrol, diesel, aviation fuel, kerosene, fuel oils, and bitumen, as well as offers specialized fuels, biofuels, and industrial and environmental laboratory testing services. The company also owns and operates a 170-kilometre pipeline that transports refined fuels running from the refinery at Marsden Point to Wiri located in South Auckland. The New Zealand Refining Company Limited was founded in 1961 and is based in Whangarei, New Zealand.",Whangarei,64 9 432 8311,New Zealand,[],http://www.refiningnz.com,1,Port Marsden Highway,,Oil & Gas Refining & Marketing,Ruakaka,0.55,0.55,0.6165,0,,,0.56,,269735,,0.55,0.55848485,0,0.55,,269735,,,,,1568160000,0.789581,,,0.53,4,NZD,,229063,,,,165833824,,,646933,0.56869924,0.53,0.51,,,229063,1.67,,,5.36,0.49,0.53,FALSE,,,0.56,NZE,The New Zealand Refining Compan,The New Zealand Refining Company Limited,Pacific/Auckland,NZDT,FALSE,46800000,EQUITY,NZR.NZ,finmb_874377,nz_market,,1.438,,-0.61275,5.662,-0.6646341,,,,312894016,,,1.778,,,,1577750400,0.15198,-178680000,-0.572,0.02,0.16920197,0.29808772,0.42959,1640908800,1593475200,,,174594542,419252064,,,,,1568073600,,,,,,,,,,,0.55,https://logo.clearbit.com/refiningnz.com
NZX.NZ,,Financial Services,226,"NZX Limited operates as a stock exchange in New Zealand. The company operates through five segments: Issuer Relationships, Secondary Markets, Data & Insights, Funds Management, and Wealth Technologies. The Issuer Relationships segment provides issuer services for current and prospective customers and market operator for Fonterra Co-Operative Group and the Electricity Authority. The Secondary Markets provides trading and post-trade services for securities and derivatives markets, as well as provides central securities depository. The Data & Insights segment involved in provision of data services for securities and derivatives markets; and data and analysis for New Zealand's dairy sector. The Funds Management segment offers SuperLife superannuation and KiwiSaver, and Smartshares exchange traded funds. The Wealth Technologies segment provides funds administration service. It also offers virtualTrading, a virtual platform for people to learn about key investing concepts by actively trading virtual securities. NZX Limited was incorporated in 2002 and is based in Wellington, New Zealand.",Wellington,64 4 472 7599,New Zealand,[],http://www.nzx.com,1,NZX Centre,,Financial Data & Stock Exchanges,Level 1 11 Cable Street PO Box 2959,2.13,2.14,1.7098571,0.028638497,0.9839,,2.15,,339075,,2.13,1.9715152,0.061,2.14,,339075,,,,0.06,1599091200,0.617466,,,2.12,4,NZD,34.35484,349820,,,,598057152,,,261759,7.963159,2.12,2.07,,10518400,349820,2.19,30.428574,,5.42,0.92,2.23,FALSE,0.028199999,9167700,2.15,NZE,NZX Limited Ordinary Shares,NZX Limited,Pacific/Auckland,NZDT,FALSE,46800000,EQUITY,NZX.NZ,finmb_7658788,nz_market,,8.157,,0.23008,22.316,0.53237414,,0.07,,277375008,,,0.238,,,,1577750400,0.27367002,17280000,0.062,0.03,0.16920197,8.94958,0.1344,1640908800,1593475200,,,238241585,612641344,,1337731200,7:03,,1599004800,,0.409,,,,,,,,,2.14,https://logo.clearbit.com/nzx.com
OCA.NZ,1011,Healthcare,2800,"Oceania Healthcare Limited owns and operates various aged care centers and retirement villages in New Zealand. The company operates through three segments: Care Operations, Village Operations, and Other. It provides rest home, hospital, dementia, respite, and palliative/end of life care; and independent retirement village living at approximately 40 locations. The company was formerly known as Retirement Care (NZ) Limited and changed its name to Oceania Healthcare Limited in September 2014. Oceania Healthcare Limited was founded in 2005 and is based in Auckland, New Zealand.",Auckland,64 9 361 0350,New Zealand,[],http://www.oceaniahealthcare.co.nz,1,Affinity House,,Medical Care Facilities,2 Hargreaves Street St Mary's Bay,1.5,1.5,1.2062143,0.023333333,,,1.5,,852327,,1.5,1.4072727,0.035,1.5,,852327,,,,0.02,1596153600,,,,1.41,4,NZD,,1960266,,,,910040192,,,811246,4.475945,1.41,1.41,,,1960266,1.51,,,,0.38,1.55,FALSE,0.016,,1.5,NZE,Oceania Healthcare Limited Ordi,Oceania Healthcare Limited,Pacific/Auckland,NZDT,FALSE,46800000,EQUITY,OCA.NZ,finmb_115166238,nz_market,,6.073,,-0.01825,540.389,0.14503825,,,,614892032,,,1.053,,,,1590883200,0.16016,-3710000,-0.006,0.012,0.16920197,1.4055082,0.07138,1653955200,1606694400,,,574214300,1234787968,,,,,1596067200,,0.669,,,,,,,,,1.5,https://logo.clearbit.com/oceaniahealthcare.co.nz
PCT.NZ,1010,Real Estate,,"Precinct is New Zealand's only listed city centre specialist investing predominately in premium and A-grade commercial office property. Listed on the NZX Main Board, PCT currently owns Auckland's PwC Tower, AMP Centre, ANZ Centre (50%), Jarden House, HSBC House, Mason Bros. Building, 12 Madden Street, 10 Madden Street and Commercial Bay; and Wellington's AON Centre, NTT Tower, No. 1 and No. 3 The Terrace, Mayfair House and Bowen Campus. Precinct owns Generator NZ, New Zealand's premier flexible office space provider. Generator currently offers 13,600 square metres of space across four locations in Auckland.",Auckland,64 9 927 1647,New Zealand,[],http://www.precinct.co.nz,1,PwC Tower,64 9 927 1655,REIT—Diversified,Level 12 188 Quay Street,1.7,1.72,1.7136786,0.037058823,2.7065,,1.735,,1573777,,1.7,1.7157576,0.063,1.72,,1573777,,,,0.06,1606262400,0.103166,,,1.69,4,NZD,74.347824,316727,,,,2246529536,,,1034272,14.799273,1.69,1.61,,,316727,1.95,,,4.02,1.445,1.77,FALSE,0.037100002,,1.735,NZE,Precinct Properties New Zealand,Precinct Properties New Zealand Limited,Pacific/Auckland,NZDT,FALSE,46800000,EQUITY,PCT.NZ,finmb_882804,nz_market,,22.38,,0.19895001,38.693,-0.10290235,,,,1313760000,,,1.453,,,,1593475200,0.24912001,30200000,0.023,0.01625,0.16920197,1.1768755,0.1999,1656547200,1593475200,,,1309875307,3397236480,,,,,1606176000,,,,,,,,,,,1.72,https://logo.clearbit.com/precinct.co.nz
PFI.NZ,1010,Real Estate,,"Property For Industry Limited engages in the property investment and management business in New Zealand. The company invests in industrial properties located in North Harbour, Avondale, Penrose, Mount Wellington, Manukau, Mangere, East Tamaki, Wellington, and Christchurch. As of December 23, 2020, it operated a portfolio of 94 properties that are leased to 147 tenants. Property For Industry Limited was founded in 1994 and is based in Auckland, New Zealand.",Auckland,64 9 303 9450,New Zealand,[],http://www.propertyforindustry.co.nz,1,Shed 24,,REIT—Industrial,Princes Wharf 147 Quay Street,2.89,2.9,2.7396429,0.026297577,0.2604,,2.9,,161337,,2.89,2.8983333,0.076,2.9,,161337,,,,0.07,1604620800,0.368743,,,2.87,4,NZD,9.863014,89852,,,,1439582464,,,235464,14.913317,2.87,2.74,,2939900,89852,3.01,36.000004,,3.98,1.6,2.88,FALSE,0.0257,988600,2.9,NZE,Property For Industry Limited O,Property For Industry Limited,Pacific/Auckland,NZDT,FALSE,46800000,EQUITY,PFI.NZ,finmb_4484231,nz_market,,19.549,,1.50769,24.933,0.14910531,,0.08,,499855008,,,2.106,,,,1577750400,0.18190001,145536992,0.292,0.0185,0.16920197,1.3675214,0.026870001,1640908800,1593475200,,,481510046,1887065600,,,,,1604534400,,-0.663,,,,,,,,,2.9,https://logo.clearbit.com/propertyforindustry.co.nz
POT.NZ,,Industrials,238,"Port of Tauranga Limited, a port company, provides and manages port services and cargo handling facilities through the Port of Tauranga and MetroPort in New Zealand. It operates through three segments: Port Operations, Property Services, and Marshalling Services. The company also manages and maintains various port properties. In addition, it provides contracted terminal operations, stevedoring, marshalling, and scaling activities. Further, the company provides wharf facilities; and berthage, cranes, tugs, and pilot services, as well as offers services for the storage and transit of import and export cargo. The company was founded in 1873 and is based in Tauranga, New Zealand. Port of Tauranga Limited is a subsidiary of Quayside Securities Limited.",Tauranga,64 7 572 8899,New Zealand,[],http://www.port-tauranga.co.nz,1,Salisbury Avenue,64 7 572 8800,Marine Shipping,Mount Maunganui,7.65,7.6,7.448214,0.01620915,1.0076001,,7.79,,110061,,7.65,7.4436364,0.124,7.6,,110061,,,,0.13,1600300800,0.525536,,,7.52,2,NZD,58.333332,229167,,,,5237416448,,,146006,17.3433,7.52,7.72,,925800,229167,8.14,59.23077,,2.32,4.9,7.95,FALSE,0.0166,669000,7.79,NZE,Port of Tauranga Ltd Ordinary S,Port of Tauranga Limited,Pacific/Auckland,NZDT,FALSE,46800000,EQUITY,POT.NZ,finmb_879323,nz_market,,19.114,,0.29812,35.873,-0.019230783,,0.13,,680184000,,,1.711,,,,1593475200,0.00649,90027000,0.132,0.064,0.16920197,4.5002923,0.55918,1656547200,1593475200,,,296886526,5772067328,,1476403200,5:01,,1600214400,,-0.191,,,,,,,,,7.6,https://logo.clearbit.com/port-tauranga.co.nz
PPH.NZ,1010,Technology,441,"Pushpay Holdings Limited, together with its subsidiaries, provides donor management system to the faith sector, non-profit organizations, and education providers in the United States, Canada, Australia, and New Zealand. Its donor management system comprise donor tools, finance tools, and a custom community app. The company provides engagement, payments, and administration solutions, which enables its customers to enhance participation and build stronger relationships with their communities. It also offers Software as a Service church management system, a platform that provides churches to connect and communicate with their community members; record member service history; and track online giving and perform a range of administrative functions. Pushpay Holdings Limited was founded in 2011 and is based in Auckland, New Zealand.",Auckland,64 9 377 7720,New Zealand,[],http://www.pushpay.com,1,Building D,,Software—Application,Level 6 167 Victoria Street West,1.6,1.62,2.0012412,,0,,1.65,,4996854,,1.6,1.7730303,,1.62,,4996854,,,,,,1.123084,,,1.6,4,NZD,76.66667,5322739,,,0,1775202176,,,3783509,11.158968,1.6,1.52,,334800,5322739,2.42,-53.666668,,,0.59,1.68,FALSE,,202000,1.65,NZE,Pushpay Holdings Limited Ordina,Pushpay Holdings Limited,Pacific/Auckland,NZDT,FALSE,46800000,EQUITY,PPH.NZ,finmb_229103260,nz_market,,11.334,,0.14408,47.513,0.42857146,,-0.03,,1102610048,,,0.065,,,,1585612800,0.50018,22920000,0.021,,0.16920197,24.769232,0.11083999,1648684800,1601424000,,,810386742,1803059328,,1606348800,4:01,,,,1.068,,,,,,,,,1.62,https://logo.clearbit.com/pushpay.com
RBD.NZ,1061,Consumer Cyclical,,"Restaurant Brands New Zealand Limited, together with its subsidiaries, operates quick service and takeaway restaurants in New Zealand, Australia, Hawaii, Saipan, and Guam. The company operates the KFC, Pizza Hut, and Carl's Jr. brands in New Zealand; the KFC and Taco Bell brand in Australia; and the Taco Bell and Pizza Hut brands in Hawaii, Guam, and Saipan. As of September 22, 2020, it operated 348 stores, including 139 stores in New Zealand; 65 stores in Australia; 37 Taco Bell Hawaii stores; 38 Pizza Hut Hawaii stores; and 69 KFC California stores. Restaurant Brands New Zealand Limited was founded in 1997 and is based in Auckland, New Zealand.",Auckland,,New Zealand,[],http://www.restaurantbrands.co.nz,1,Building 7,,Restaurants,"Level 3, Central Park 666 Great South Road Penrose",11.8,11.8,11.976929,0.015254238,0,,11.87,,19725,,11.8,11.752121,0.18,11.8,,19725,,,,,1527724800,0.945863,,,11.7,2,NZD,41.072662,10712,,,,1480889344,,,32897,1.6820657,11.7,10.85,,51300,10712,13.36,29.675,,,6.47,12.14,FALSE,,733200,11.87,NZE,Restaurant Brands NZ Limited Or,Restaurant Brands New Zealand Limited,Pacific/Auckland,NZDT,FALSE,46800000,EQUITY,RBD.NZ,finmb_873775,nz_market,,2.307,,0.04101,17.73,-0.106060565,,0.4,,124759000,,,1.802,,,,1577750400,0.056350004,36109200,0.289,0.18,0.16920197,6.5871253,0.7563,1640908800,1593475200,,,30696835,2030711680,,,,,1527638400,,,,,,,,,,,11.8,https://logo.clearbit.com/restaurantbrands.co.nz
RYM.NZ,8042,Healthcare,6100,"Ryman Healthcare Limited develops, owns, and operates integrated retirement villages, rest homes, and hospitals for the elderly in New Zealand and Australia. Its villages offer a range of retirement living and care options, such as independent townhouses and apartments, and serviced apartments, as well as a care center, which provides rest homes, hospitals, dementia level care, and respite and day care services. The company's villages also offer lounges and bar, indoor swimming pool and spa, gym, beauty salon, bowling green, library, internet cafÃ©, movie theatre, and other facilities. Ryman Healthcare Limited was founded in 1984 and is based in Christchurch, New Zealand.",Christchurch,64 3 366 4069,New Zealand,[],http://www.rymanhealthcare.co.nz,1,Airport Business Park,,Medical Care Facilities,92 Russley Road PO Box 771,15.46,15.5,14.2015,0.013906857,0.41939998,,15.74,,418545,,15.46,15.03,0.215,15.5,,418545,,,,0.21,1607558400,0.856486,,,15.5,2,NZD,27.17993,487484,,,,7855000064,,,461091,17.94018,15.5,14.93,,,487484,17.1,,,1.79,6.61,16.67,FALSE,0.0137,,15.74,NZE,Ryman Healthcare Limited Ordina,Ryman Healthcare Limited,Pacific/Auckland,NZDT,FALSE,46800000,EQUITY,RYM.NZ,finmb_1757534,nz_market,,22.852,,0.65966004,151.335,-0.06979549,,,,500000000,,,4.908,,,,1585612800,0.23802,288830016,0.578,0.088,0.16920197,3.2008965,0.16582,1648684800,1601424000,,,428340000,10005683200,,,,,1607472000,,0.128,,,,,,,,,15.5,https://logo.clearbit.com/rymanhealthcare.co.nz
SAN.NZ,1010,Consumer Defensive,762,"Sanford Limited engages in farming, harvesting, processing, storing, and marketing of seafood products. It operates through Wildcatch and Aquaculture segments. The company catches and processes inshore and deepwater fish species, as well as farms, harvests, and processes mussels and salmon. Its seafood products include antarctic toothfish, arrow squid, barracouta, blue mackerel, gemfish, ghost shark, greenshell mussels, hake, hapuku, hoki, jack mackerel, john dory, kahawai, king salmon, lemon sole, ling, monkfish, new zealand sole, orange roughy, patagonian toothfish, red cod, scampi, silver warehou, smooth oreo dory, snapper, southern blue whiting, trevally, and yellowbelly flounder. The company also provides auction, wharf, and research services; and retails and wholesales seafood. It operates in New Zealand and Australia; Europe; North America; Japan, China, Hong Kong, South Korea, and the rest of Asia; Africa; the Middle East; the Pacific; and Central and South America. Sanford Limited was founded in 1881 and is headquartered in Auckland, New Zealand.",Auckland,64 9 379 4720,New Zealand,[],http://www.sanford.co.nz,1,22 Jellicoe Street,64 9 309 1190,Farm Products,Freemans Bay,4.88,4.9,5.572,0.010245902,0.7917,,4.91,,91863,,4.88,5.0436363,0.05,4.9,,91863,,,,0.19,1591833600,0.170582,,,4.8,4,NZD,20.125,118653,,,,451634432,,,171942,0.96328336,4.8,4.7,,,118653,8.09,,,3.31,4.8,5.09,FALSE,0.039300002,,4.91,NZE,Sanford Limited (NS) Ordinary S,Sanford Limited,Pacific/Auckland,NZDT,FALSE,46800000,EQUITY,SAN.NZ,finmb_515086,nz_market,,1.444,,0.047870003,11.807,-0.38616347,,,,93506096,,,6.534,,,,1601424000,0.18343,22444000,0.24,0.05,0.16920197,0.7392103,0.34464002,1664496000,1601424000,,,61319455,677010624,,,,,1591747200,,-0.818,,,,,,,,,4.9,https://logo.clearbit.com/sanford.co.nz
SCL.NZ,8013,Consumer Defensive,500,"Scales Corporation Limited engages in the agribusiness activities in New Zealand. The company operates through Food Ingredients, Horticulture, and Logistics segments. The Food Ingredients segment processes and markets food ingredients, such as pet food ingredients and juice concentrate. This segment also manufactures and sells apple, kiwifruit, and pear juice concentrates. The Horticulture segment is involved in growing, packaging, marketing, and exporting apples under the Mr Apple, Dazzle, Posy, and Fern Ridge Fresh brand names. The Logistics segment provides supply chain services for exporters, importers, and FMCG businesses. This segment also engages in the sea and air freight of produce. The company also provides insurance services. Scales Corporation Limited was founded in 1897 and is headquartered in Christchurch, New Zealand.",Christchurch,64 3 379 7720,New Zealand,[],http://scalescorporation.co.nz,1,52 Cashel Street,,Farm Products,,5,5,4.9685,0.038,1.1589,,5.05,,112843,,5,4.899394,0.19,5,,112843,,,,0.19,1609804800,0.389172,,,4.95,4,NZD,29.819277,100269,,,,703350464,,,127690,1.5292355,4.95,5.02,,491100,100269,5.35,19.038462,,4.15,3.3,5.11,FALSE,0.038399998,969200,5.05,NZE,Scales Corporation Limited Ordi,Scales Corporation Limited,Pacific/Auckland,NZDT,FALSE,46800000,EQUITY,SCL.NZ,finmb_47022523,nz_market,,1.58,,0.0507,15.491,0.030927896,,0.26,,142091008,,,2.638,,,,1577750400,0.1768,23320000,0.166,0.095,0.16920197,1.8764215,0.20497999,1640908800,1593475200,,,111452927,726535104,,,,,1609718400,,-0.789,,,,,,,,,5,https://logo.clearbit.com/scalescorporation.co.nz
SKC.NZ,1010,Consumer Cyclical,3462,"SkyCity Entertainment Group Limited, together with its subsidiaries, operates in the gaming, entertainment, hotel, convention, hospitality, and tourism sectors in New Zealand and Australia. It operates through Skycity Auckland, Other New Zealand Operations, SkyCity Adelaide, and International Business segments. The company engages in the hotels and convention, food and beverage, car parking, sky tower, property investment, and other related activities. It also operates casinos in Auckland, Hamilton, Queenstown, and Wharf, New Zealand; and Adelaide, Australia, as well as various restaurants, bars, and conference facilities. As of June 30, 2020, the company operated 273 table games, 3,204 electronic gaming machines, 307 automated table games, 19 restaurants, 14 bars, and 635 hotel rooms. The company was incorporated in 1994 and is headquartered in Auckland, New Zealand.",Auckland,64 9 363 6000,New Zealand,[],http://skycityentertainmentgroup.com,1,SkyCity HQ,,Resorts & Casinos,Level 13 99 Albert Street,3.11,3.11,2.8842857,0.032154344,0.5653,,3.12,,1011924,,3.11,3.18,0.1,3.11,,1011924,,,,0.2,1582761600,1.215015,,,3.08,4,NZD,8.728813,1149788,,,,2349033472,,,913463,3.6441383,3.08,3.08,,405300,1149788,4.08,12.36,,5.28,1.14,3.23,FALSE,0.0643,1906700,3.12,NZE,SkyCity Entertainment Group Lim,SkyCity Entertainment Group Limited,Pacific/Auckland,NZDT,FALSE,46800000,EQUITY,SKC.NZ,finmb_881223,nz_market,,4.538,,0.36516997,21.342,-0.23587227,,0.25,,760204992,,,1.954,,,,1593475200,0.41678002,235270000,0.354,0.1,0.16920197,1.5813715,0.12788999,1656547200,1593475200,,,750421368,2925005312,,1189468800,37:36:00,,1582675200,,,,,,,,,,,3.11,https://logo.clearbit.com/skycityentertainmentgroup.com
SKL.NZ,1051,Industrials,798,"Skellerup Holdings Limited manufactures, markets, and distributes technical polymer and elastomer products for various specialist industrial and agricultural applications. It operates through Agri and Industrial segments. The company offers food grade dairy rubberware, including liners and tubing products, and rubber footwear for agricultural applications; milk filters; milk liners, tubing, and accessories; feeding teats; dairy vacuum pumps; and dairy hygiene and livestock health management products, as well as mastitis prevention and mastitis detection equipment. It also provides sealing and waterproofing products for roofing, plumbing, and civil/underground applications; pipe seals, diaphragms, washers, gaskets, customized rubber moldings, check valves, O rings, disks, and other components for use in automotive, industrial, mining pipe, valve, and medical industries; high precision rubber and plastic components for the automotive, flow control, appliance, and industrial markets; and fabric reinforced diaphragms, and rubber metal seat valves and injector components. In addition, the company offers EVA, PE, and various blended foams for marine, sports, leisure, orthotic, and construction applications; foam and soft material products; and live wall systems for installation in new and existing chutes. It operates primarily in New Zealand, Australia, North America, the United Kingdom, Ireland, rest of Europe, Asia, and internationally. Skellerup Holdings Limited was founded in 1910 and is based in Auckland, New Zealand.",Auckland,64 9 523 8240,New Zealand,[],http://www.skellerupholdings.com,1,205 Great South Road,,Specialty Industrial Machinery,Level 3 Greenlane,3.93,3.89,2.9677858,0.03307888,0.87839997,,3.93,,197824,,3.93,3.5478787,0.13,3.89,,197824,,,,0.13,1601510400,0.515321,,,3.88,4,NZD,26.35135,164398,,,,761576448,,,182336,3.029474,3.88,3.89,,893000,164398,3.96,22.941177,,5.63,1.37,4.13,FALSE,0.033099998,588100,3.93,NZE,Skellerup Holdings Limited Ordi,Skellerup Holdings Limited,Pacific/Auckland,NZDT,FALSE,46800000,EQUITY,SKL.NZ,finmb_7658651,nz_market,,3.248,,0.115609996,17.241,0.60408163,,0.17,,195276000,,,0.948,,,,1593475200,0.11508001,29064000,0.148,0.075,0.16920197,4.113924,0.096429996,1656547200,1593475200,,,171380992,816499648,,1252886400,1:01,,1601424000,,0.086,,,,,,,,,3.89,https://logo.clearbit.com/skellerupholdings.com
SKT.NZ,,Communication Services,,"SKY Network Television Limited, an entertainment company, provides sport and entertainment media services in New Zealand and internationally. It offers sport, movies, shows, documentaries, music, and news content. The company also offers commercial music, broadcasting services, entertainment quizzes, and streaming and management services. SKY Network Television Limited was incorporated in 2005 and is based in Auckland, New Zealand.",Auckland,64 9 579 9999,New Zealand,[],http://www.sky.co.nz,1,10 Panorama Road,64 9 525 8324,Entertainment,Mt Wellington,0.159,0.16,0.15082143,0,0,,0.16,,1362426,,0.159,0.16069697,0,0.16,,1362426,,,,,1551916800,0.957099,,,0.156,4,NZD,,1108109,,,,275912256,,,2463357,0.3690413,0.156,0.157,,,1108109,0.73,,,,0.125,0.164,FALSE,,,0.16,NZE,Sky Network Television Limited ,SKY Network Television Limited,Pacific/Auckland,NZDT,FALSE,46800000,EQUITY,SKT.NZ,finmb_878506,nz_market,,0.509,,-0.20996,2.94,-0.7791667,,,,1746279936,,,0.214,,,,1593475200,0.38789,-156979008,-0.239,0.039734,0.16920197,0.7383178,0.08335,1656547200,1593475200,,,1501433701,380740448,,,,,1551830400,,,,,,,,,,,0.16,https://logo.clearbit.com/sky.co.nz
SML.NZ,7783,Consumer Defensive,,"Synlait Milk Limited, together with its subsidiaries, manufactures and sells dairy products in China, rest of Asia, the Middle East, Africa, New Zealand, Australia, and internationally. The company is also involved in the processing, packaging, and marketing of dairy products, including cheese, butter, ice cream, and milk powder under the Alpine, Rolling, Meadow, Dairyworks, and Deep South brands. It offers liquid milk; milk powder related products; nutritional products, such as infant and adult nutritional powders; ingredients comprising skim milk powders and anhydrous milk fat; and specialized nutritional ingredients, such as lactoferrin. The company was founded in 2005 and is headquartered in Rakaia, New Zealand.",Rakaia,64 3 373 3000,New Zealand,[],http://www.synlait.com,1,1028 Heslerton Road,,Packaged Foods,RD13,4.7,4.76,5.8855,,0,,4.77,,71827,,4.7,5.090606,,4.76,,71827,,,,,,0.724719,,,4.69,4,NZD,11.339712,83218,,,,1036078656,,,158558,0.79574406,4.69,4.65,,91200,83218,9.08,9.48,,,4.36,4.83,FALSE,,303700,4.77,NZE,Synlait Milk Limited (NS) Ordin,Synlait Milk Limited,Pacific/Auckland,NZDT,FALSE,46800000,EQUITY,SML.NZ,finmb_52132694,nz_market,,1.064,,0.05776,8.413,-0.47191012,,0.5,,218582000,,,3.382,,,,1596153600,0.18107,75208000,0.418,,0.16920197,1.4015375,0.51691,1659225600,1596153600,,,86547858,1385706496,,,,,,,0.091,,,,,,,,,4.76,https://logo.clearbit.com/synlait.com
SPG.NZ,1010,Real Estate,,"Stride Stapled Group is a real estate investment firm specializing in co-investments and investments in commercial, retail, and industrial real estate properties. Investment properties comprise of freehold land, leasehold land, buildings and improvements that are held either to earn rental income or for capital appreciation or both. It seeks to invest in New Zealand. Stride Stapled Group is based in Auckland, New Zealand.",Auckland,64 9 912 2690,New Zealand,[],http://www.strideproperty.co.nz,1,34 Shortland Street,64 9 303 1239,Real Estate Services,Level 12,2.36,2.35,2.135857,0.041949153,0.9192,,2.37,,316981,,2.36,2.3063636,0.099,2.35,,316981,,,,0.1,1607904000,0.671457,,,2.33,4,NZD,21.574072,235509,,,,2553819904,,,526336,21.660164,2.33,2.27,,4710500,235509,2.41,,,5.08,1.18,2.48,FALSE,0.042,4688000,2.37,NZE,Stride Prop & Stride Invest Mgm,Stride Stapled Group,Pacific/Auckland,NZDT,FALSE,46800000,EQUITY,SPG.NZ,finmb_100323267,nz_market,,9.327,,0.33441,13.718,-0.004219413,,,,365352000,,,1.978,,,,1585612800,0.19728,49922000,0.108,0.024775,0.16920197,1.1779574,0.00256,1648684800,1601424000,,,363795600,1099633664,,,,,1607817600,,0.377,,,,,,,,,2.35,https://logo.clearbit.com/strideproperty.co.nz
SPK.NZ,1010,Communication Services,5224,"Spark New Zealand Limited, together with its subsidiaries, provides telecommunications and digital services in New Zealand. It offers telecommunications, information technology, media, and other digital products and services, including mobile services; voice services; broadband services; Internet TV; cloud, security, and service management services; procurement and partner services; and managed data and networks services. The company also offers IT infrastructure, business and outsourced telecommunications, subscription video-on-demand, big data analytics and marketing automation, data center, and international wholesale telecommunications services. In addition, it provides local, national, and international telephone and data services; group insurance products; and mobile phone repair services. Further, the company retails telecommunications products and services; and distributes equipment. The company was formerly known as Telecom Corporation of New Zealand Limited and changed its name to Spark New Zealand Limited in August 2014. Spark New Zealand Limited was founded in 1987 and is based in Auckland, New Zealand.",Auckland,64 4 471 1638,New Zealand,[],http://www.sparknz.co.nz,1,Spark City,,Telecom Services,Level 2 167 Victoria Street West,4.825,4.83,4.725357,0.051813472,1.0129,,4.85,,2829091,,4.825,4.692121,0.25,4.83,,2829091,,,,0.25,1600300800,0.257405,,,4.78,4,NZD,20.840519,2711890,,,,8882572288,,,2876735,2.4517174,4.78,4.49,,1251200,2711890,5.09,21.021738,,5.69,3.445,5.235,FALSE,0.0517,720300,4.85,NZE,Spark New Zealand Limited Ordin,Spark New Zealand Limited,Pacific/Auckland,NZDT,FALSE,46800000,EQUITY,SPK.NZ,finmb_122668,nz_market,,3.07,,0.117860004,12.038,0.05349338,,0.23,,1837139968,,,0.813,,,,1593475200,0.29639,427000000,0.232,0.125,0.16920197,5.947109,0.00069,1656547200,1593475200,,,1835263009,11123111936,,,,,1600214400,,0.016,,,,,,,,,4.83,https://logo.clearbit.com/sparknz.co.nz
SUM.NZ,6011,Healthcare,1700,"Summerset Group Holdings Limited, together with its subsidiaries, develops, owns, and operates integrated retirement villages in New Zealand. It provides various independent living options, including villas, townhouses, apartments, serviced apartments, and care centre. The company also offers one-off, supported living, premium care, rest home care, hospital care, memory care, and respite and short term care services. It develops and operates 31 retirement villages; and provides living options and care services to approximately 5,500 residents. The company was founded in 1994 and is headquartered in Wellington, New Zealand. Summerset Group Holdings Limited is a subsidiary of New Zealand Central Securities Depository Limited.",Wellington,64 4 894 7320,New Zealand,[],http://www.summerset.co.nz,1,Majestic Centre,64 4 894 7319,Medical Care Facilities,Level 27 100 Willis Street,12.32,12.36,9.640429,0.011120129,0.382,,12.6,,153079,,12.32,11.82303,0.137,12.36,,153079,,,,0.14,1598572800,0.820735,,,12.36,2,NZD,33.695652,166326,,,,2836933888,,,192705,17.523836,12.36,11.78,,35400,166326,12.85,33.51351,,1.65,3.36,13.39,FALSE,0.0111,1577200,12.6,NZE,Summerset Group Holdings Limite,Summerset Group Holdings Limited,Pacific/Auckland,NZDT,FALSE,46800000,EQUITY,SUM.NZ,finmb_58222186,nz_market,,21.259,,0.51669997,110.433,0.33477795,,0.37,,228784992,,,4.939,,,,1577750400,0.33290002,83649000,0.368,0.06,0.16920197,2.5106297,0.03666,1640908800,1593475200,,,217294526,3441546496,,,,,1598486400,,-0.989,,,,,,,,,12.36,https://logo.clearbit.com/summerset.co.nz
THL.NZ,1010,Consumer Cyclical,,"Tourism Holdings Limited, together with its subsidiaries, operates as a tourism company in Australia, New Zealand, and the United States. The company operates through New Zealand Rentals, New Zealand Tourism Group, Australia Rentals, and United States Rentals segments. It engages in the design, manufacture, rental, and sale of motor homes, campervans, caravans, 4WD vehicles, and RV accessories; and other tourism related activities. The company offers its vehicles under the Maui, Britz, and Mighty rental brands, as well as owns and operates the Road Bear RV, Just Go, El Monte RV, and Mighway rentals and sales brands. It also operates hop on and hop off guided buses under the Kiwi Experience name; operates Waitomo Glowworm caves, Ruakuri caves, and Aranui caves; provides water rafting in the subterranean rivers that flow through the Ruakuri cave system; and operates Waitomo Homestead, a refurbished restaurant. The company was formerly known as The Helicopter Line and changed its name to Tourism Holdings Limited in 1996. Tourism Holdings Limited was incorporated in 1984 and is headquartered in Auckland, New Zealand.",Auckland,64 9 336 4299,New Zealand,[],http://www.thlonline.com,1,The Beach House,,Leisure,Level 1 83 Beach Road,2.4,2.4,2.231857,0.05833333,0.7527,,2.44,,79813,,2.4,2.5142424,0.14,2.4,,79813,,,,,1588291200,1.433605,,,2.38,4,NZD,13.010753,612586,,,,716518400,,,115298,1.787141,2.38,2.3,,253500,612586,3.04,6.3684216,,,0.55,2.49,FALSE,,202000,2.44,NZE,Tourism Holdings Limited Ordina,Tourism Holdings Limited,Pacific/Auckland,NZDT,FALSE,46800000,EQUITY,THL.NZ,finmb_882251,nz_market,,1.429,,0.06823,5.626,-0.19999999,,0.38,,148040992,,,2.204,,,,1593475200,0.1821,27356000,0.186,0.1,0.16920197,1.0980036,0.26449,1656547200,1593475200,,,108263284,572952256,,,,,1588204800,,0.167,,,,,,,,,2.4,https://logo.clearbit.com/thlonline.com
TPW.NZ,3110,Utilities,809,"Trustpower Limited engages in the development, ownership, and operation of electricity generation facilities in New Zealand. It operates through Generation and Retail segments. The company is also involved in the retail sale of electricity and gas; and provision of telecommunications services, which include wireless broadband and mobile services to homes and businesses. As of November 5, 2020, it operated approximately 263,000 electricity customer connections, 42,000 gas customer connections, and 106,500 telecommunications customer connections, as well as owned 25 hydropower schemes with a total installed capacity of 495 megawatts. The company was founded in 1915 and is based in Tauranga, New Zealand. Trustpower Limited is a subsidiary of Infratil Limited.",Tauranga,64 7 572 9800,New Zealand,[],http://www.trustpower.co.nz,1,Trustpower Building,64 7 572 9825,Utilities—Renewable,108 Durham Street,8.51,8.51,7.338857,0.03819036,1.1285,,8.75,,57185,,8.51,8.052424,0.325,8.51,,57185,,,,0.34,1606348800,0.317382,,,8.51,2,NZD,30.208334,22536,,,,2722864896,,,67125,2.8457234,8.51,8.43,,83400,22536,8.85,25.588234,,5.73,4.5,9.18,FALSE,0.04,748800,8.75,NZE,Trustpower Limited Ordinary Sha,Trustpower Limited,Pacific/Auckland,NZDT,FALSE,46800000,EQUITY,TPW.NZ,finmb_882513,nz_market,,3.539,,0.09422,19.582,0.14228189,,0.34,,312972992,,,3.429,,,,1585612800,0.016490001,90150000,0.288,0.17,0.16920197,2.5371828,0.78403,1648684800,1601424000,,,66707065,3386321152,,1081123200,2:01,,1606262400,,-0.129,,,,,,,,,8.51,https://logo.clearbit.com/trustpower.co.nz
VCT.NZ,1023,Utilities,1000,"Vector Limited, together with its subsidiaries, engages in electricity and gas distribution, natural gas and LPG sale, gas processing, metering, and telecommunication and new energy businesses in New Zealand. It operates through three segments: Regulated Networks, Gas Trading, and Metering. The company distributes electricity to residential and commercial customers in Auckland, from Wellsford to Papakura through its network consisting of approximately 18,000 kilometers of overhead lines and underground cables; natural gas to customers; bulk LPG to commercial customers; and bottled LPG to commercial and residential customers. It also provides Vector solar systems; electricity and gas metering services to approximately 2,000,000 homes and businesses; and designs, builds, and supports fiber network solutions that connect buildings in Auckland. In addition, the company offers electric vehicle charging station app; bulk LPG storage, distribution, and management services; and ventilation, heating, and water systems and related assembly services. The company was incorporated in 1990 and is headquartered in Auckland, New Zealand. Vector Limited is a subsidiary of Entrust.",Auckland,64 9 978 7788,New Zealand,[],http://www.vector.co.nz,1,101 Carlton Gore Road,64 9 978 7799,Utilities—Diversified,Newmarket,4.3,4.29,4.1901426,0.038372092,1.7368,,4.3,,88427,,4.3,4.248485,0.165,4.29,,88427,,,,0.17,1599782400,0.386618,,,4.22,4,NZD,44.42105,86514,,,,4219999744,,,128505,3.2612054,4.22,4.11,,23400,86514,4.65,35.166664,,4.66,2.95,4.44,FALSE,0.038399998,250000,4.3,NZE,Vector Limited (NS) Ordinary Sh,Vector Limited,Pacific/Auckland,NZDT,FALSE,46800000,EQUITY,VCT.NZ,finmb_3041726,nz_market,,5.766,,0.07372,13.999,0.17808223,,0.12,,1000000000,,,2.243,,,,1593475200,0.02,95400000,0.095,0.0825,0.16920197,1.8814087,0.75108004,1656547200,1593475200,,,248810899,7461497344,,,,,1599696000,,51.333,,,,,,,,,4.29,https://logo.clearbit.com/vector.co.nz
VGL.NZ,1023,Technology,,"Vista Group International Limited engages in the development, sale, and support of software solutions to the film industry worldwide. The company operates through four segments: Cinema, Movio, Additional Group Companies, and Early Stage Investments. It offers Vista Cinema, a cinema management software for cinema exhibitors in the large circuit market; and Veezi, a cloud-based software as a service cinema management software for cinema exhibitors in the small circuit market. The company also provides Movio, a cloud-based solution that maintains real-time data on customer transactions for cinema chains; MACCS, a multiple-module software that offers theatrical distribution, movie prints, and advertising services, as well as rights and royalties' management services; and Cinema Intelligence, a business intelligence solution for forecasting, planning, and scheduling of movies. In addition, it offers Powster, a studio that provides creative services to the film and music industry, as well as creates products to help users engage with entertainment content; Flicks, a movie and cinema review and showtime guide site; Numero, box office tracking and reporting software for film distributors and cinemas; and movieXchange that connects the movie industry for distribution of movie media, tickets, and showtimes. Further, the company provides software licensing; Web platform development and licensing; and online loyalty data analytics and marketing services. Vista Group International Limited was founded in 1996 and is based in Auckland, New Zealand.",Auckland,64 9 984 4570,New Zealand,[],http://www.vistagroup.co.nz,1,60 Khyber Pass Road,,Software—Application,Level 3 Newton,1.48,1.51,1.5686429,0,0.5116,,1.54,,259992,,1.48,1.6615151,0,1.51,,259992,,,,,1583971200,1.647599,,,1.48,4,NZD,,406576,,,,349780960,,,326053,2.871765,1.48,1.47,,848100,406576,3.76,11.769231,,,0.9,1.56,FALSE,,300100,1.54,NZE,Vista Group International Ltd O,Vista Group International Limited,Pacific/Auckland,NZDT,FALSE,46800000,EQUITY,VGL.NZ,finmb_267428157,nz_market,,2.416,,-0.29228002,196.152,-0.6053333,,0.13,,228615008,,,0.76,,,,1577750400,0.45006,-35600000,-0.203,0.021,0.16920197,2.0131578,0.14291,1640908800,1593475200,,,202770486,294228000,,1511740800,2:01,,1583884800,,,,,,,,,,,1.51,https://logo.clearbit.com/vistagroup.co.nz
VHP.NZ,1010,Real Estate,,"Vital Healthcare Property Trust is a real estate investment trust externally managed by Vital Healthcare Management Limited. The firm investments in health and medical related properties in New Zealand and Australia. It undertakes acquisition or development of medical or healthcare-related properties such as surgical and medical facilities, geriatric and continuing care facilities primary healthcare facilities, and health support facilities. The fund may invest in conjunction with other health service providers. It was formerly known as ING Medical Properties Trust and Calan Healthcare Properties Trust.",Auckland,800 225 264,New Zealand,[],http://www.vitalhealthcareproperty.co.nz,1,AIG Building,,REIT—Healthcare Facilities,Level 16 41 Shortland Street,3.265,3.28,2.9335,0.026646247,0.6799,,3.29,,202944,,3.265,3.1983333,0.087,3.28,,202944,,,,0.09,1606867200,0.400408,,,3.265,4,NZD,25.503878,89112,,,,1492946048,,,258127,13.04806,3.265,3.28,,3386500,89112,3.38,25.307693,,3.73,1.9,3.26,FALSE,0.026800001,1838900,3.29,NZE,Vital Healthcare Property Trust,Vital Healthcare Property Trust,Pacific/Auckland,NZDT,FALSE,46800000,EQUITY,VHP.NZ,finmb_884157,nz_market,,20.6,,0.50800997,,0.15167546,,0.13,,453783008,,,2.378,,,,1593475200,0.46868,58126000,0.129,0.021875,0.16920197,1.3835155,0.00117,1656547200,1593475200,,,445060992,2357054464,,,,,1606780800,,-0.975,,,,,,,,,3.28,https://logo.clearbit.com/vitalhealthcareproperty.co.nz
WBC.NZ,2000,Financial Services,36849,"Westpac Banking Corporation provides various banking and financial services in Australia, New Zealand, and internationally. The company operates through four divisions: Consumer, Business, Westpac Institutional Bank, Westpac New Zealand, Specialist Businesses, and Group Businesses. It offers everyday banking, savings, term deposit, business transaction, foreign currency, and specialized accounts; home, personal, and business loans; credit cards; international and travel services; share trading services; investment; and home, car, travel, life, and business insurance products. The company also provides merchant and payment, corporate and institutional, transaction banking, financial market, corporate and structured finance, trade and supply chain financing, and industry specific banking and treasury services, as well as online banking services. It serves individuals; micro, small, and medium enterprises; commercial business and private wealth clients; and commercial, corporate, institutional, and government customers. The company was formerly known as Bank of New South Wales and changed its name to Westpac Banking Corporation in October 1982. The company was founded in 1817 and is headquartered in Sydney, Australia.",Sydney,61 2 9155 7713,Australia,[],http://www.westpac.com.au,1,275 Kent Street,61 2 8253 4128,Banks—Diversified,,23.59,23.61,19.805286,0.08601102,1.2558999,,23.72,,35929,,23.59,21.608181,2.029,23.61,,35929,,,,0.33,1605052800,0.78192,,,23.3,2,NZD,9.452275,24264,,,,84872675328,,,38743,,23.3,22.98,,60000,24264,27.1,,,6.26,14.11,23.35,FALSE,0.014099999,110000,23.72,NZE,Westpac Banking Corporation Ord,Westpac Banking Corporation,Pacific/Auckland,NZDT,FALSE,46800000,EQUITY,WBC.NZ,finmb_393269,nz_market,,,,0.13467,,-0.09858614,,,,3610370048,,,20.307,,,,1601424000,0.20166,,2.483,0.31,0.16920197,1.1557591,0.00257,1664496000,1601424000,,,3601758090,84658561024,,,,,1604966400,,-0.695,,,,,,,,,23.61,https://logo.clearbit.com/westpac.com.au
ZEL.NZ,6011,Energy,2451,"Z Energy Limited sells transport fuel in New Zealand. It supplies fuel to retail customers, as well as commercial customers, such as airlines, trucking companies, shipping companies, and vehicle fleet operators, as well as supplies bitumen to roading contractors. The company also offers Z Business Plus, a fuel card for businesses to buy fuels. It owns and manages approximately 200 retail service stations; 151 truck stops; and pipelines, terminals, and bulk storage terminal infrastructure. The company was formerly known as Greenstone Energy Limited and changed its name to Z Energy Limited in May 2011. Z Energy Limited was incorporated in 1959 and is headquartered in Wellington, New Zealand.",Wellington,800 474 355,New Zealand,[],http://www.z.co.nz,1,3 Queens Wharf,,Oil & Gas Refining & Marketing,,3.13,3.15,2.9385715,0,,,3.15,,380516,,3.13,3.2151515,0,3.15,,380516,,,,,1574294400,0.882533,,,3.1,4,NZD,,495762,,,,1622827392,,,1022687,0.40348765,3.1,2.83,,726800,495762,4.7,5.2,,5.64,2.5,3.28,FALSE,,76800,3.15,NZE,Z Energy Limited Ordinary Share,Z Energy Limited,Pacific/Auckland,NZDT,FALSE,46800000,EQUITY,ZEL.NZ,finmb_105654576,nz_market,,0.63,,-0.04227,194.881,-0.32104123,,0.6,,520136992,,,1.703,,,,1585612800,0.34667,-170000000,-0.334,0.165,0.16920197,1.832061,0.03121,1648684800,1601424000,,,508434182,2533454592,,,,,1574208000,,,,,,,,,,,3.15,https://logo.clearbit.com/z.co.nz